{"cameraMode":{"drawMode":0,"name":"Shaded","section":"Shading Mode"},"sceneLighting":true,"audioPlay":false,"sceneViewState":{"showFog":true,"showMaterialUpdate":false,"showSkybox":true,"showFlares":true,"showImageEffects":true,"showParticleSystems":true},"in2DMode":false,"pivot":{"x":444.28656005859377,"y":327.3719482421875,"z":96.0},"rotation":{"x":0.17073756456375123,"y":0.01566607877612114,"z":-0.00271385395899415,"w":0.9851883053779602},"size":872.9891357421875,"orthographic":true}