{"cameraMode":{"drawMode":0,"name":"Shaded","section":"Shading Mode"},"sceneLighting":false,"audioPlay":false,"sceneViewState":{"showFog":true,"showMaterialUpdate":false,"showSkybox":true,"showFlares":true,"showImageEffects":true,"showParticleSystems":true},"in2DMode":false,"pivot":{"x":529.271240234375,"y":39.586669921875,"z":-51.928466796875},"rotation":{"x":-0.28497910499572756,"y":-0.03651520237326622,"z":0.010839678347110749,"w":-0.957776665687561},"size":601.0640258789063,"orthographic":false}