{"cameraMode":{"drawMode":0,"name":"Shaded","section":"Shading Mode"},"sceneLighting":true,"audioPlay":false,"sceneViewState":{"showFog":true,"showMaterialUpdate":false,"showSkybox":true,"showFlares":true,"showImageEffects":true,"showParticleSystems":true},"in2DMode":false,"pivot":{"x":256.4886779785156,"y":190.22802734375,"z":0.0},"rotation":{"x":-0.06174672022461891,"y":0.027541082352399827,"z":-0.0017044040141627193,"w":-0.9977103471755981},"size":340.3931884765625,"orthographic":false}