{"cameraMode":{"drawMode":0,"name":"Shaded","section":"Shading Mode"},"sceneLighting":false,"audioPlay":false,"sceneViewState":{"showFog":true,"showMaterialUpdate":false,"showSkybox":true,"showFlares":true,"showImageEffects":true,"showParticleSystems":true},"in2DMode":false,"pivot":{"x":-0.00698089599609375,"y":0.5298827886581421,"z":19.020000457763673},"rotation":{"x":0.017997784540057184,"y":0.011999380774796009,"z":-0.00020297328592278063,"w":0.9997660517692566},"size":4.991002082824707,"orthographic":false}