{"cameraMode":{"drawMode":0,"name":"Shaded","section":"Shading Mode"},"sceneLighting":true,"audioPlay":false,"sceneViewState":{"showFog":true,"showMaterialUpdate":false,"showSkybox":true,"showFlares":true,"showImageEffects":true,"showParticleSystems":true},"in2DMode":false,"pivot":{"x":-345.6686706542969,"y":62.791770935058597,"z":180.0},"rotation":{"x":-0.09286433458328247,"y":-0.005974379368126392,"z":0.0005572172813117504,"w":-0.9956607222557068},"size":54.552574157714847,"orthographic":false}