{"cameraMode":{"drawMode":0,"name":"Shaded","section":"Shading Mode"},"sceneLighting":true,"audioPlay":false,"sceneViewState":{"showFog":true,"showMaterialUpdate":false,"showSkybox":true,"showFlares":true,"showImageEffects":true,"showParticleSystems":true},"in2DMode":false,"pivot":{"x":201.51998901367188,"y":600.9447631835938,"z":0.0},"rotation":{"x":-0.07931312173604965,"y":-0.05081694945693016,"z":0.0040484704077243809,"w":-0.9955454468727112},"size":645.1873779296875,"orthographic":false}