{"cameraMode":{"drawMode":0,"name":"Shaded","section":"Shading Mode"},"sceneLighting":false,"audioPlay":false,"sceneViewState":{"showFog":true,"showMaterialUpdate":false,"showSkybox":true,"showFlares":true,"showImageEffects":true,"showParticleSystems":true},"in2DMode":false,"pivot":{"x":388.7547607421875,"y":298.1889953613281,"z":-546.1234130859375},"rotation":{"x":-0.2744685113430023,"y":-0.2849653959274292,"z":0.08553288877010346,"w":-0.9144101738929749},"size":2.339276075363159,"orthographic":false}