{"cameraMode":{"drawMode":0,"name":"Shaded","section":"Shading Mode"},"sceneLighting":true,"audioPlay":false,"sceneViewState":{"showFog":true,"showMaterialUpdate":false,"showSkybox":true,"showFlares":true,"showImageEffects":true,"showParticleSystems":true},"in2DMode":false,"pivot":{"x":-266.3631896972656,"y":-100.4139175415039,"z":180.0},"rotation":{"x":-0.09286433458328247,"y":-0.005974379368126392,"z":0.0005572172813117504,"w":-0.9956607222557068},"size":579.7555541992188,"orthographic":false}