{"cameraMode":{"drawMode":0,"name":"Shaded","section":"Shading Mode"},"sceneLighting":true,"audioPlay":false,"sceneViewState":{"showFog":true,"showMaterialUpdate":false,"showSkybox":true,"showFlares":true,"showImageEffects":true,"showParticleSystems":true},"in2DMode":false,"pivot":{"x":3.6500000953674318,"y":-1.1920928955078126e-7,"z":0.4699999690055847},"rotation":{"x":-0.5374560952186585,"y":0.06110258027911186,"z":-0.039091531187295917,"w":-0.8401662111282349},"size":0.816375195980072,"orthographic":false}